title,price_clean,brand,animal_type,product_type,availability
Retractable Cat Wand (Orange),4066.0,Retractable,Cats,Toys,Usually dispatched in 6 to 10 days.
"Avianweb Arm & Hand Perch (X-Large (1.5"" dowel))",,Avianweb,Birds,Birdcage Accessories,
Backyard Barnyard Chicken Swing Toy for Coop (Round Bar) Handmade in USA! Natural Safe Large Wood Perch Ladder for Poultry Run Rooster Hens Chicks Pet Parrots Pollo Stress Relief for Birds,199.0,Backyard Barnyard,Birds,Toys,
"Prevue Pet Products BPV1155 Bamboo Covered Breeding Nest Hut for Birds, Large",,Prevue,Birds,Birdcage Accessories,
CuddlyPet Hammock for Dogs,850.0,Generic,Cats,Grooming,Only 2 left in stock.
"Noodoky Pet Stroller for Cats Dogs Rabbit with Reversible Handle, Dog Stroller for Small or Medium Animal up to 40 Pounds, Doggie Bunny Stroller Carriage (Gray)",7500.0,Noodoky,Cats,Carriers & Strollers,
"Ubersweet® Gold, 25X14X16Cm: Three Levels Tower Tracks Disc Cat Pet Toy Intelligence Amusement Rides Shelf Dog Cat Training A",2447.0,UBERSWEET,Cats,Toys,Usually dispatched in 2 to 3 weeks.
"PetNest CR-1 Quality Safest Round Organic Bird Nest House Purely Handmade Love Birds/Sparrow, Small Birds (Brown) (1 Nos)",179.0,Visit the PetNest Store,Birds,Birdcage Accessories,In stock.
"Yellow Dog Design Easter Dogs Coupler Dog Leash 3/4"" Wide and 12 to 20"" Long, Medium",4206.0,Yellow Dog Design,Cats,"Collars, Harnesses & Leashes",Usually dispatched in 6 to 10 days.
DIYthinker One Gesture Outline Pattern Pet Tag Keychain Dog Cat ID,1614.51,Bestchong,Cats,"Collars, Harnesses & Leashes",In stock.
"Bird Chewing Swing Toys Set, Natural Applewood Parrots Standing Perch Toy Set for Bird Cage Accessories(7 Piece Set)",2226.0,Topiky,Birds,Toys,In stock.
"GlobalNiche® Wine Red, 58X45Cm: Dog House Candy Color Square Pet Kennel Autumn Winter Warm Nest Puppy Cat Bed Sofa Pad Small Dog Mat Teddy Chihuahua Dogg",11035.0,Generic,Cats,Beds & Furniture,Usually dispatched in 2 to 3 weeks.
Meri SHOPP Cat Scratching Toy Sisal Climb Rope Post Ball with 3-Layer Turntable Layer,5596.0,Generic,Cats,Beds & Furniture,Usually dispatched in 6 to 10 days.
"Bird Feeding Hanging Cup, Durable Easy to Clean Bird Feeding Cup Stainless Steel Suspensible Original Wood Safe Interesting for Birds for",999.0,BAMC,Birds,Feeding & Watering Supplies,Usually dispatched in 1 to 3 weeks.
"Outside Hanging Perch Birdhouse, Natural Wood Bird House Natural Wood with Ropes for Window Sill",,yuye,Birds,Birdcage Accessories,
PONDICHERRY Pigeons® - Birds Feeding Cup |(Pack of 3) Birds Water Feeder Connect Any Type of Pet Bottles (3 Water Feeder with 3 Bottle Holder Rings) (Yellow Color),169.0,Pondicherry Pigeons,Birds,Feeding & Watering Supplies,In stock.
Parrot Natural Rope Wood Ladder Swing Toy Hanging Climbing Bridge Bird Pet Chewing Toys 1Pc,,Socialme,Birds,Birdcage Accessories,
"Petslife Fruit Mix Bird Food, 400 g (Large)",299.0,Visit the Petslife Store,Birds,Food,Only 1 left in stock.
"OXERA Bird Toy Large Bird Parrot Chewing Toy - Multicolored Natural Wooden Blocks Bird Parrot Tearing Toys Suggested for Large Macaws cokatoos,African Grey and a Variety of Amazon Parrots",1500.0,Visit the OXERA Store,Birds,Toys,Usually dispatched in 2 to 3 days.
"Freshly Baked Cookie, Real Chicken and Peanut Butter, 2kg 025",448.0,Generic,Small Animals,Food,In stock.
"Bunny Grass House-Hand Made Edible Natural Grass Hideaway Comfortable Playhouse for Rabbits, Guinea Pigs and Small Animals to Play,Sleep and Eat (style3)",3570.0,PStarDMoon,Small Animals,Houses & Habitats,
"6 Pieces Hen Chicken Toys, Chicken Mirror Toy with Bells, Chicken Xylophone Toy with 8 Metal Keys, Parrot Grinding Stone, Sepak Takraw Toy, Dangling Bird Toy",1499.0,Sumind,Birds,Toys,
Pets Empire Bird Parrot Toys Reggae Man for Mini Macaw Cockatoo African Grey 1 Piece,226.59,Visit the PETS EMPIRE Store,Birds,Toys,In stock.
"Pets Premium Seed Mix of 12 Grains & Nuts, Added with Spirulina & Cuttlefish Bone, Bird Food for Medium Parrots, African Grey, Eclectus, 900 g",395.0,Pets,Birds,Food,In stock.
Aswadh Stainless Steel Bird Parrot Scratching Stick Outdoor Handheld Standing Frame,2978.0,Generic,Birds,Toys,Usually dispatched in 4 to 5 days.
"Woofy Cat Cute Printed Dog Puppy Cat Kitten Pet Collar Adjustable Necklace with Bell, Cat Accessories Collar for Kitten Cat (1Pcs Sky Blue Color)",199.0,Woofy,Cats,"Collars, Harnesses & Leashes",In stock.
"Cat Grooming Bag, Cat Shower Net Bag Cat Washing Shower Bag with 420D PU Oxford Cloth for Cats for Bath",,Ouee,Cats,Grooming,
"Coconut Toy, Handmade Bird Coconut Gnaw Playthings Strong for Birds for Parrots",,01 02 015,Birds,Food,
"Pet Care International Ultra Feather to Provide Healthy Feathers for Bird Wings (100 Ml), 1 Piece",280.0,Pet Care International,Birds,Health Supplies,In stock.
"Savic: - Rolly Giant Wheel for Small Pets Like - Hamster, Guinea Pig, Mice, Mouse, and Gerbil | Can be Mounted on Cage Wire | Transparent Activity Ball, Safe to Use and Easy to Clean -19 cm",575.0,Savic,Small Animals,Houses & Habitats,In stock.
Maxbell Bird Parrot Suspension Bridge Swing Stand Perch Cage Hanging Toys 30x6cm,1172.0,Maxbell,Birds,Toys,Usually dispatched in 4 to 5 days.
GlobalNiche® 2X Artificial Fur Parrots Bird Ornament Realistic Parrots Pigeon Decoy 15cm,,Generic,Birds,Food,
Petlicious & More Cat Toy Interactive Rolly Polly Tumbler with Feather Toy & Treat Despensing Toy Feather Toy (Color May Vary),349.0,Visit the PETLICIOUS & MORE Store,Cats,Toys,In stock.
Aswadh Cat Scratching Ball Exercise Wooden for Pet Supplies 9.84x11.02x9.45 inch,6018.0,Generic,Cats,Beds & Furniture,Usually dispatched in 4 to 5 days.
Pet Believe Durable Plastic Rectangle Holes Litter Scooper for Cat/Kitten (Color May Vary),185.0,Pet Believe,Cats,Litter & Housebreaking,In stock.
CALANDIS Handmade Bark Hanging Bird Nest House Hatch Breeding Grass Cave B: 2pcs Bird,821.0,CALANDIS,Birds,Birdcage Accessories,Usually dispatched in 6 to 10 days.
Rabbit Hay Feeder Bag Guinea Hay Feeder Storage Small s Hanging Feeg Bag with Easy Carry Strap 600D Ox Fabric for Rabbit Bunny Chinchilla,2632.0,AIXING,Small Animals,Food,In stock.
VMS INDIAPet Small Animal Carrier Bag Travel Warm Cage Hamster Pouch Pink 17x14cm,915.0,VMS INDIA,Small Animals,Houses & Habitats,Usually dispatched in 4 to 5 days.
"Tanniyo Pet Claw and Nails Clippers Grinder Trimmer for Small, Medium, Large Dogs and Cats",222.27,Tanniyo,Cats,Grooming,In stock.
"Woofy 20 Pcs Cat Nail Caps, Colorful Pet Cat and Dog Soft Claws Nail Covers for Cat Claws with Glue and Applicators (Color May Vary) (X- Small)",229.0,Woofy,Cats,Grooming,In stock.
Meri Shopp Wooden Mouse Hamster Step Ladder Bridge Pet Parrot Bird Stand Perch Toys M,,Generic,Small Animals,Health Supplies,
Aswadh Bird Parrot Perch Tent Triangle Hammock Nest Bed Yellow,1842.0,Generic,Birds,Birdcage Accessories,Usually dispatched in 4 to 5 days.
arythe Woven Straw Bird Nest Cage Birdhouse/Bed House for Parrot Pigeon etc Style_4,2277.0,Visit the arythe Store,Birds,Birdcage Accessories,Usually dispatched in 6 to 10 days.
"azuza Cat Harness and Leash for Walking, Escape Proof Cute Pineapples in Bright Color, Soft Adjustable Harness for Cats",3732.0,azuza,Cats,"Collars, Harnesses & Leashes",
Bird Carrier Parrot Travel Bag Toy Breathable Outgoing Bag for Budgie Parakeet Cockatiel Conure Lovebird Finch Canary African Grey Amazon Hamster Rat Chinchilla Guinea Pig Squirrel Ferret,1699.0,Keersi,Birds,Birdcage Accessories,
"Attractive Strong Convenient Wooden Toy, Toy, for Dental Care Rest",889.0,Wuqioei,Birds,Toys,Usually dispatched in 6 to 10 days.
Aswadh Dog Food Feeder Pet Puzzle Activity Toys Game Training Bowl Interactive Play Round Green,2360.0,Generic,Cats,Toys,Usually dispatched in 4 to 5 days.
Optimuss Practice Sisal Kitten Scratching Pad Cat Toys Training Board Mat Home Protection Optimuss,1697.0,Optimuss,Cats,Beds & Furniture,Usually dispatched in 6 to 10 days.
"Nestor Food for Rabbits with Alfalfa, Carrots and Herbs(Pack of 3,700 ML)",789.0,Visit the NESTOR Store,Small Animals,Food,Only 1 left in stock.
"Dog Locks, Light Hairpins 27 Flowers Every Day",1089.0,ERHU,Cats,"Collars, Harnesses & Leashes",Usually dispatched in 1 to 3 weeks.
FinYii No-Mess Automatic Bird Feeder - Parrot Feeder Cage Accessories Supplies for Parakeet Canary Cockatiel Finch,450.0,FinYii,Birds,Feeding & Watering Supplies,
"Whiskas Adult (+1 Year) Dry Cat Food, Mackerel Flavour, 3Kg Pack & Adult (+1 Year) Wet Cat Food, Ocean Fish, 24 Pouches (24 X 85G)",970.0,whiskas,Cats,Food,Currently unavailable.    We don't know when or if this item will be back in stock.
Maxbell Comfortabe Dog Collar Pet Protective E-Collar for Dogs and Cats M,873.0,Maxbell,Cats,"Collars, Harnesses & Leashes",Usually dispatched in 4 to 5 days.
"WUMUGE Bird Ladder Toys, Flexible and Bendable Bird Decorated with Rainbow Ladder Birdcage Accessories Swing Chewing Toys Bird Toys for Parakeets (8 Steps)",,WUMUGE,Birds,Toys,
"Cat Scratch Board, Grinding Claw Cat Scratcher Cartoon for Indoor Cats for Cats to Rest(Elephant)",2432.0,Haowecib,Cats,Beds & Furniture,Usually dispatched in 6 to 10 days.
"Pawfect - Nature's Feast | Freeze Dried Grain Free Meat Treats for Dog -100% Natural | Human Grade | All Ages Dogs (Goat Meat, Pack of 2)- 50g Each",699.0,Pawfect Treats,Cats,Treats,In stock.
Meri Shopp Safety Bird & Small Animals Plastic Fruit Vegetable Holder for Cages Green,,Generic,Small Animals,Health Supplies,
Puppia Hepatica Harness B - Black - L,,Puppia,Cats,"Collars, Harnesses & Leashes",Currently unavailable.    We don't know when or if this item will be back in stock.
GIANTE Dual Tier Winter Warm Pets Nest Parrot Hut Hammock Birds Hanging Bed Swing 5,1260.0,Generic,Cats,Beds & Furniture,Usually dispatched in 4 to 5 days.
Trendy Retail Natural Hanging Nest Pet Bird House Hatch Parrot Rest Hut Gourd,3480.0,Trendy Retail,Birds,Birdcage Accessories,Usually dispatched in 1 to 3 weeks.
"Bird Nest, Winter Warm Windproof Bed Bag Hanging Parrot House Hammock for Pet Parrot Budgie Parakeet Cockatoo Canary Finch Dove (L)",2491.0,HUI,Birds,Birdcage Accessories,In stock.
InLeague Portable Hanging Rabbit Hay Feeder Bag Pouch Feeding Dispenser Holder Black (64039435IL),1686.0,Generic,Small Animals,Food,Usually dispatched in 6 to 10 days.
GIANTE 6Pcs Bird Swing Toys Colorful Ball Block Pet Bird Bite Chewing Toy,2121.0,Generic,Birds,Toys,Usually dispatched in 4 to 5 days.
Trendy Retail Pet Birds Cage Hanging Bathtub Birds Parrots Bathroom Cage Box Toy White-A,2491.0,Trendy Retail,Birds,Toys,Usually dispatched in 1 to 3 weeks.
"Petmate Litter Pan, Blue Mesa/ Mouse Grey, Large, 2 Pack",21970.0,Doskocil,Cats,Litter & Housebreaking,Usually dispatched in 2 to 3 days.
SRI Soft Cat Premium Bed (Blue),699.0,Visit the SRI Store,Cats,Beds & Furniture,Only 2 left in stock.
"PETSMAKER (Pink,Cream) All Seanson Double Side Use Lovely (Small Size) Fabric Dog & cat Solid t Bed",799.0,PETSMAKER,Small Animals,Houses & Habitats,Only 2 left in stock.
Aswadh Parrot Puzzle Toy Bird Ring Toy Fencing Training Intelligence Development,2352.0,Generic,Birds,Toys,Usually dispatched in 4 to 5 days.
"JiMMy Exclusive Daily Mix - Food for Finch,Canary,Exotic Birds- 400 GMS-Powered with Fruit Pellets & Calcium -Bird Food",230.0,Visit the JiMMy Pet Products Store,Birds,Food,In stock.
Pooch Box Catch The Mouse Motion Cat Toy (Color May Vary),345.0,PoochBox,Cats,Toys,In stock.
MACOS Engraved Personalised Heart Pet Tag for Dogs and Cats [Purple],399.0,MACOS,Cats,"Collars, Harnesses & Leashes",In stock.
Meri Shopp Bird Parrot Cage Swing Toys Small Animals Hammock Hanging Perch Stand Toy,,Generic,Birds,Toys,
Slicker Cat Brush,1514.0,Hartz,Cats,Grooming,Usually dispatched in 6 to 10 days.
"RvPaws Interactive Rolly Polly Tumbler Cat Toy Kitten Toys, Cat Tumblar Toy (Color May Vary)",399.0,Visit the RvPaws Store,Cats,Toys,In stock.
Aswadh Cat Scratch Board Box Carton Pet Nest Bed Cat Scratching Mat Toy Bus,3132.0,Generic,Cats,Beds & Furniture,Usually dispatched in 4 to 5 days.
DIYthinker Indian Art Drawing l Pet Tag Keychain Dog Cat ID,1614.51,Bestchong,Cats,"Collars, Harnesses & Leashes",In stock.
"PSK PET MART Elastic Feather Scratch Boards Round Table with Bells (Colour May Vary, 10 cm)",250.0,Visit the PSK PET MART Store,Cats,Toys,In stock.
Himchelate Animal Feed Supplement Improves Milk Production & Reproductive Health Mineral Mixture Powder (5kg),1849.0,Generic,Small Animals,Health Supplies,In stock.
Bird cage Cover Warm & Good for Winter Size : 26Lx20Wx36H inch - PLS Check Size Before Buying...Colour May Vary,3999.0,Birds' Park,Small Animals,Houses & Habitats,In stock.
"Smith Chu Professional Pet Grooming Scissors Set - 4pcs 440c Stainless Steel Hair Cutting Thinning Chunkers Curved Shears for Dogs Cats with Comb - Best Tools for Trimming,6.5 inch (Scissors Set)",559.0,SMITH CHU,Cats,Grooming,
"Combo 3 Set Bird Cage Perch Natural Wood Stand Perch for Small or Medium Parrots,Lovebird,Parakeet Platform Budgie Toys Cages Accessories",249.0,Generic,Birds,Birdcage Accessories,In stock.
"Interesting Bite Toy, Non-Toxic Smooth Round Edge Bird Toy, Bite-Resistant Acrylic for Birds Parrots",1224.6,Yuniror,Birds,Toys,Usually dispatched in 1 to 3 weeks.
MACOS Engraved Personalised Star Pet Tag for Dogs and Cats [Golden],349.0,MACOS,Cats,"Collars, Harnesses & Leashes",In stock.
"Cat Pooper Lifter, Large Capacity Cat Litter Cleaning Tool PP Plastic Material for Cat Litter Boxes for Cleaning(Light Brown)",997.0,Worem,Cats,Litter & Housebreaking,Usually dispatched in 6 to 10 days.
"Bird Hammock Bed, Pet Hanging Nests Pet Hanging Cage Soft for Hamster for for(L, Camouflage)",1112.0,Sojare,Cats,Beds & Furniture,Only 2 left in stock.
"Reversible Paw Print Pet Bed in Blue / White, Dog Bed Measures 17L x 11W x 1.5H for ""Tiny"" Dog Breed, Machine Wash",379.0,MidWest Homes for Pets,Cats,Beds & Furniture,
"Chicken Vegetable Hanging Feeder, Chicken Veggies Fruit Holder Bag Bite Resistant Safe Strong Load Bearing for Chickens for Duck for Goose",1204.0,Cryfokt,Birds,Food,Usually dispatched in 6 to 10 days.
"Bird Shredder Toys, Bird Chewing Toys Arouse Bird's Interest. Bright Colors for Pets Parrots",838.0,Shanrya,Birds,Food,In stock.
Sage Square 6 Inches / 15 cm Natural Habitat Wooden Perch/Stand/Toy for Birds (Light Weight),159.0,Visit the Sage Square Store,Birds,Birdcage Accessories,In stock.
Pets Empire Birds Chewing Toys,249.0,Visit the PETS EMPIRE Store,Birds,Toys,In stock.
"Super Bird Creations 10 by 4-Inch Starburst Bird Toy, Medium",,Super bird,Birds,Toys,
"Boltz Bird Litter Spray, Medium, 200 ml, 1 Piece",241.53,Visit the BOLTZ Store,Birds,Health Supplies,In stock.
"Pet Hanging Ladder, Bird Rope Ladder Natural for Most Small Rodents for Chewing(40cm, Blue)",,Crisis,Birds,Birdcage Accessories,
Pet Believe Nylon Reflective Safety Cats Collar with Bells - Neon Orange,199.0,Visit the Pet Believe Store,Cats,"Collars, Harnesses & Leashes",In stock.
"Voyager Step-in Lock Cat Harness - Adjustable Step-in Vest Harness for Small and Large Cats - Turquoise (Matching Trim) , XXXS (Chest: 9 - 13"" * Fit Cats), Model Number: 217-TQW-XXXS",377.0,Best Pet Supplies,Cats,"Collars, Harnesses & Leashes",
"Chicken Beak, Chicken Beak Clip Anti Pecking 200PCS Corrosion Resistant for Poultry Farm for Chicken Farm(Small White)",1134.0,Hoseten,Birds,Feeding & Watering Supplies,In stock.
"Dining Bowl, Imitation Porcelain Salad Bowl 12PCS Large Capacity Beautiful Stackable for Food Container for Kitchen GIFS(Dark Blue Grid)",7989.0,JUYT,Cats,Feeding & Watering Supplies,Usually dispatched in 1 to 3 weeks.
ROODO Pets Dog Stroller Pet Strollers for Small Medium Dogs Cats 4 Wheeler Elite Jogger Carriages Best for Cat Large Puppy (Black),7500.0,ROODO,Cats,Carriers & Strollers,
"GlobalNiche® Sky Blue, L: 100Pcs/Lot Cat Nail Caps Cat Soft Paws Cat Claw 4Size Xs, S,M, L Free Adhesive Colourful and Mixture Size Colour Available",3775.0,Generic,Cats,Food,Usually dispatched in 2 to 3 weeks.
"Zoo Med 26340 Pacman Frog Food, 2 oz",2277.0,Zoo Med,Small Animals,Food,Usually dispatched in 6 to 10 days.
Meri Shopp Clear Acrylic Bird Feeder Food Box Anti-Scatter Parrot Feeder Triangular,,Generic,Birds,Feeding & Watering Supplies,
Meri SHOPP Sturdy Cat Hammock Window Perch Suction Cups Sleeping Bed Seat PVC Grids,,Generic,Cats,Beds & Furniture,
Maxbell Dog Cage Mat Pets Self Cooling Mattress Bed Pad Sleeping Mat Pink 76x58cm,4455.0,Maxbell,Cats,Beds & Furniture,Usually dispatched in 4 to 5 days.
Big Shoppe Natural Bamboo Bird Nest Birdhouse Handmade Outdoor Garden Birdcage Cage L,,Generic,Birds,Birdcage Accessories,
"Bird Toy Toy, Playing Toy Wooden Toy, Wooden 60 * 15cm Cockatiel for Bird Parakeet",,Aiterwu,Birds,Toys,
Maxbell Pet Dog Bling Collar Cat Puppy Safety Collar Neck Strap Football Pendant White M,766.0,Maxbell,Cats,"Collars, Harnesses & Leashes",Usually dispatched in 4 to 5 days.
SCENEREAL Collapsible Portable Cat Litter Box - Foldable Feeding Bowl and Scoop for Free - Travel Litter Box for Cats Lightweight Waterproof,1903.0,SCENEREAL,Cats,Litter & Housebreaking,
"Pets Empire Best Stainless Steel Birds Coop Cup Feeder Bowl with Clamp Holder Combo Offer, 500 ml (Pack of 3)",379.0,Visit the PETS EMPIRE Store,Birds,Feeding & Watering Supplies,In stock.
"KUTKUT Pack of 2 Striped Dress for Small Dog Girl Puppy Clothes Female Princess Tutu Frock Skirt Summer Shirt for Shihtzu, Pug, Poodle Cat Pet Apparel Outfits (Size: 2XL, Chest: 55cm)",1099.0,Visit the KUTKUT Store,Dogs,Apparel & Accessories,In stock.
"3set Training Toys, Parrots Chewing Toy, Bite Chewing Screws Parakeets for Parrots",610.0,Meiyya,Birds,Toys,Only 1 left in stock.
Hamiledyi 15 Pack Woven Bed Mat for Rabbits - Grass Mat & Bunny Bedding Nest - Natural Chew Toy Bed for Guinea Pig Chinchilla Squirrel Hamster Cat Dog and Small Animal,399.0,Hamiledyi,Small Animals,Houses & Habitats,
"Bird Food Cups with Natural Wooden Perch, Bird Mirror Toys with Stainless Steel Food Bowls, Fun Stand Platform Toys for Birdcage, Bird Feeding & Watering Supplies for Parrot Cockatiels Parakeet Finch",2000.0,LeLePet,Birds,Feeding & Watering Supplies,
Nature care Bird nest breeding House Sparrow Garden Birds Wood Bird Nest (S21),399.0,Nature Care,Birds,Birdcage Accessories,In stock.
"Yellow Dog Design Spirals Blue Step-in Dog Harness-Large-1"" Wide and fits Chest Circumference of 25 to 40""",,Yellow Dog Design,Dogs,"Collars, Harnesses & Leashes",
"Bird Nests, Bird House Ornament, Moisture‑Resistant for Swallows Birds",844.0,Velaurs,Birds,Birdcage Accessories,In stock.
Purina Fancy Feast Tender Chicken Feast Wet Cat Food Pack of 6 X 85g Cans (1 Can Free with 5 Cans),500.0,Fancy Feast,Cats,Food,In stock.
Aswadh Portable Pet Dog Cat Food Spoon Shovel Garden Compost Animal Feeding Gray Green,798.0,Generic,Cats,Food,Usually dispatched in 4 to 5 days.
WorldCare® Faux Mouse Feather Dangle Fun Bell 1Pcs For Pet Cat Kitten Kitty Cat Toys,1765.0,Generic,Cats,Toys,Usually dispatched in 2 to 3 weeks.
"REFIT ANIMAL CARE Iron Liver Tonic for Cow, Pig, Poultry & Farm Animals, 5 LTR, Hemliv +",1199.0,Visit the REFIT ANIMAL CARE Store,Small Animals,Health Supplies,In stock.
"Bird Cage Supplies, Pet Parrots Swing Strong Environmental Protection 2pcs Natural Wooden Materials with Cute Bells for Climb for Chew",3062.0,HOUH,Birds,Toys,Usually dispatched in 1 to 3 weeks.
"Red Dingo Pet Donut Bed, Small, Chocolate",11233.0,Red Dingo,Cats,Beds & Furniture,Usually dispatched in 6 to 10 days.
Plastic Tower of Tracks Cat Turntable Toy with Balls Pet Amusement Interactive Board Game Toys,410.0,Generic,Cats,Toys,Only 2 left in stock.
"White Bird cage for Budgies,Finches,Love Birds,Cocktails,Conures,Cuttlefish BoneHolder ,Cuttlefish Bone, 2 Cups ,2 Perch Stick, 2swings and Ladder L : 24"" , B : 18"", H:18 ""- Central Fish Aquarium",2199.0,Visit the CENTRAL FISH AQUARIUM Store,Birds,Birdcages,Currently unavailable.    We don't know when or if this item will be back in stock.
"Pups&Pets 2PCS Breakaway Bowtie Cat Collar -Cat Collar with Bell Kitten Collars with Bell Charm, Solid & Safe,( Buy 1 Get 1 Free = 2PCS )",199.0,Pups&Pets,Cats,"Collars, Harnesses & Leashes",In stock.
GlobalNiche® Large Bird Play Toy Game RingsToy Bird Gym Training Toy Gnawing Chewing Toy,,Generic,Birds,Toys,
CONODIA Natural Wooden chew Play Toy for Parrot Birds,300.0,CONODIA,Birds,Toys,In stock.
"Chicken Diapers, Reusable Duckling Diapers Easy to Wear Waterproof Breathable with Inside Pocket for Hen Chicken(Denim Blue, L)",661.0,Gind,Birds,Bird Diapers,Usually dispatched in 6 to 10 days.
"Bite Resistant Pad Toy, Practical Pet Play Mat Bite‑Resistant Cat Playing Mat Multifunctional with Felt Fabric for Activity for Pet",1797.0,Mugasty,Cats,Toys,Usually dispatched in 1 to 3 weeks.
"Mirror, Safe Birds Toy Anti Shatter for Parrots for Birds",739.0,Hoseten,Birds,Toys,In stock.
"Bird Feeder, Easy to Clean Tube Hanging Feeders Convenient 360 Degree View Easy to Hang for Outdoors Garden(Red Tube 50)",1547.0,Ouee,Birds,Feeding & Watering Supplies,Usually dispatched in 4 to 5 days.
"Belity 1/4"" AC R-12 to R-134a Retrofit Valve Quick Change Conversion Adapter High/Low Fitting A/C System Caps Kit",1444.0,Belity,Birds,Toys,Usually dispatched in 4 to 5 days.
"Hamster Ladder Toys, Toy, Wooden Durable Climbing Kits for Parrots Birds",924.0,Wuqioei,Small Animals,Health Supplies,Usually dispatched in 2 to 3 weeks.
Kaytee Cracked Corn 4 Lbs.,1465.0,Kaytee,Birds,Food,
"Sage Square Set of 2 Playful Natural Wooden Bead Swing Toy for Parrot, Budgies, Cockatiel, Lovebird, Budgerigar, Sun Conure, Finch, African Grey, Canary, Cockatoo, Macaw Birds",369.0,Visit the Sage Square Store,Birds,Toys,Only 2 left in stock.
Meri SHOPP Pet Dog Braided Leather Collar Cat Buckle Puppy Collar Neck Strap Colorful,,Generic,Cats,"Collars, Harnesses & Leashes",
"iiLio Best Antifungal Drybath for Small Pets (200ml) (Mouse, Rat, Rabbit, Hamster, Guinea Pigs)",280.0,Visit the iiLio Store,Small Animals,Health Supplies,Usually dispatched in 4 to 5 days.
"Colorful, Multi-Shaped, Handmade Big Bird bite Toy for a in a cage for:",,WNUV,Birds,Toys,
BackToNest BVN5 Garden Birds Nest Box,399.0,BackToNest,Birds,Birdcage Accessories,In stock.
"Bird Food Box, Plastic Bird Feeder Container for Bird for(Green 300 * 125 * 80 (mm))",2459.0,Ouee,Birds,Feeding & Watering Supplies,Usually dispatched in 4 to 5 days.
THE DDS STORE Professional Pet Nail Clipper Scissor Cutter for Dog Cat Claw Bird Guinea Pigs Puppies Rabbits Ferrets Animal Grooming Sharp Stainless Steel Trimmer for Small and Large Pets- Color may vary,225.0,Visit the THE DDS STORE Store,Cats,Grooming,In stock.
"Kapoor Enterprise Birds CAGE/Easy Installation/Suitable for Lovebirds, Finch, Parakeet, Canary for Small Birds (15 INCH) Bird House (Hanging)",999.0,Kapoor Enterprise,Birds,Birdcages,Only 1 left in stock.
Kaytee CritterTrail Fun-nel Look-Out,2517.0,Kaytee,Small Animals,Houses & Habitats,
"iPhone 6 Cats, Cute Cat, Love Cats, Love, Sweet, Cat",250.0,URCHIN,Cats,Beds & Furniture,In stock.
PETSMAKER(Red) All Seanson Double Side Use Lovely (Large Size) Fabric Dog & cat Solid t Bed,,PETSMAKER,Small Animals,Houses & Habitats,
Ubersweet® Imported N Non-Toxic Sisal Hemp Cat Scratching Post Protecting Furniture A3H1_51064,,ubersweet,Cats,Beds & Furniture,
"Pets Empire Cat Litter Tray Box Top Entry Top Out to Prevent Litter Spilling for Cat Pet Plastic Toilet Tray (Color : Pink, Size : 47 * 47 * 35cm)",3183.0,Visit the PETS EMPIRE Store,Cats,Litter & Housebreaking,Only 1 left in stock.
VMS INDIA Woven Straw Bird Nest Cage Birdhouse/Bed House for Parrot Pigeon etc Style_1,1055.0,VMS INDIA,Birds,Birdcage Accessories,Usually dispatched in 4 to 5 days.
"Funny Cat Stick, Cat Feather Toy Safe and Non‑Toxic Fun Natural Feathers for Cat(Blue)",,01,Cats,Toys,
RvPaws Adjustable Kitten Collar Printed Bell Cat Pet Puppy -Color May Vary,199.0,Visit the RvPaws Store,Cats,"Collars, Harnesses & Leashes",In stock.
"PREVUE PET PRODUCTS Playpen Wood Tabletop Cockatiel 19""x14.5""",8630.0,Prevue Hendryx,Birds,Toys,Usually dispatched in 6 to 10 days.
Skybeings Hanging Medium Bird Feeder | Bird Cage | Bird Food | Bird Feeding Cage with Wall Mount Black Metal Stand 2 Piece_Yellow,589.0,Skybeings,Birds,Feeding & Watering Supplies,In stock.
"HANU Sunflower Seed Bird Food, 1 Kg 09",328.0,Generic,Birds,Food,In stock.
"CLOVERPET C0203 Innovative Fashion Bubble Pet Travel Carrier Backpack for Cats Dogs Puppy, Yellow, 13.4"" LX13 WX16.9 H",945.0,CLOVERPET,Dogs,Carriers & Travel Products,
Aswadh Mini Cat Litter Box Tray Anti Splash Toilet Fenced Pan with Shovel Pink,2639.0,Generic,Cats,Litter & Housebreaking,Usually dispatched in 4 to 5 days.
"Reptile Net Hammock, Fixed Durable Practical Reptile Hammock Breathable with Suction Cups for Anoles for Iguanas for Lizards(Green, S)",975.0,Liujaos,Cats,Beds & Furniture,Usually dispatched in 6 to 10 days.
Sherpa Travel Original Deluxe Airline Approved Pet Carrier,289.0,Sherpa,Dogs,Carriers & Travel Products,
"Warm Hammock, Cage Hanging Hammock 23cm / 9.1in with Hanging Hooks for Bird for Hamsters(#1)",1216.8,Yuniror,Cats,Beds & Furniture,Usually dispatched in 6 to 10 days.
Soft Comfortable Cold Winter Small Animal Mat Hamster Pig Pet Hedgehog Warm Sleeping Bed Pad Mat L Cream,866.0,Visit the IVELECT Store,Small Animals,Houses & Habitats,Usually dispatched in 6 to 10 days.
"PSM Heaven in home® 2101 Bird House for Balcony and Garden Hanging for Sparrow, Hummingbird, Kingfisher Bird Nest for Balcony Made with Wooden MDF Sheet with Hanging and Wall Patch (Wooden)",235.0,Visit the PSM HEAVEN IN HOME Store,Birds,Birdcage Accessories,In stock.
InLeague Guinea Pig Cage Bottom Cover Parts for Dwarf Bunnies Squirrel Hamsters Black (64039193IL),3255.0,Generic,Small Animals,Houses & Habitats,Usually dispatched in 6 to 10 days.
"Funny Santa Beard, Christmas Santa Claus Beard White Fake Beard Flannelette Christmas Halloween Beard Costume Party, Halloween, Christmas",,Qindao,Cats,Beds & Furniture,
"Cat Litter Box, Prevent Splash Semi Enclosed Litter Box Sturdy for Cats for Small Pets for Dogs",,bizofft,Cats,Litter & Housebreaking,
Hamster Wooden Tunnel Tube Hole for Climbing Tree Hamster chew Safely Decorative for Cages,1277.0,LOWW,Small Animals,Houses & Habitats,Usually dispatched in 6 to 10 days.
GENERIC Bow Pets Birds Playing Toy,750.0,Generic,Birds,Toys,Usually dispatched in 4 to 5 days.
GIANTE Parrot Stainless Steel Eight-Ring Anklet Pet Bird Cockatiel Foot Chain 8,785.0,Generic,Birds,Toys,Usually dispatched in 4 to 5 days.
RvPaws Cat Toy Interactive Rolly Polly Tumbler with Feather Toy + Led Ball + Rainbow Ball-Combo of 3 (Color May Vary),399.0,Visit the RvPaws Store,Cats,Toys,In stock.
"COMTIM Silicone Can Covers for Pet Food Cans, Dog Cat Food Can Lids Covers, Reusable Universal Size Can Toppers Fit Small Medium Large Cans, 4 Pack",2778.0,Comtim,Birds,Food,Usually dispatched in 6 to 10 days.
"Bird Nests, 2Pcs Hanging Bird House, Bird House Ornament for Decorating Small Gift Courtyard Use",1209.0,Velaurs,Birds,Birdcage Accessories,Only 2 left in stock.
"Hussain Infotech - Cuttlefish Bone for All Birds - 100 Gram Pigeons/ Parrots, Finches/African Grey/Macaw/Budgies",225.0,Generic,Birds,Food,
"Bird Toys, Multi-Layer Design Bright Colors Natural Wood Chew Blocks for Birds for Parrots",2044.0,Ufolet,Birds,Toys,Usually dispatched in 6 to 10 days.
WorldCare ® Poultry Leg Bands Bird Pigeon Parrot Chicks Rings (10mm) - 200Pcs,1300.0,Generic,Birds,Feeding & Watering Supplies,In stock.
"Dog Cage for New Born, for Adult Dog, Cat Monkey, Rabbit Dog, Bird, Cat, Hamster, Miniature Pig, Monkey, Rabbit, Mouse Cage XL-012",8988.0,Generic,Small Animals,Houses & Habitats,In stock.
"Parrots Playing Toy, 3pcs Hand Woven Bird Rattan Toys for Forage for Birds",1429.0,Sutinna,Birds,Toys,Usually dispatched in 6 to 10 days.
EXCLUZO Dual Tier Winter Warm Pets Nest Parrot Hut Hammock Birds Hanging Bed Swing 1,1339.0,EXCLUZO,Cats,Beds & Furniture,Usually dispatched in 1 to 3 weeks.
Pet Craft Supply Taco Truck 2 Pack,1827.0,Pet Craft Supply,Cats,Toys,Usually dispatched in 6 to 10 days.
Perch Cable,,Booda Products,Birds,Birdcage Accessories,
GlobalNiche® Birds Chew Rattan Toys Cage Hanging Decor Accessory for Small to Large Birds,1385.0,Generic,Birds,Toys,Usually dispatched in 2 to 3 weeks.
"PetNest Natural Mineral Block for Birds, Bird Food and Supplements Calcium Mineral Block (270 gm) Pack of 3 Blocks",252.0,Visit the PetNest Store,Birds,Food,In stock.
Hiputee Super Soft Dual (Red-Fur-Rectangular) Colour Round Dog/Cat Velvet Bed - Small,699.0,Visit the Hiputee Store,Small Animals,Houses & Habitats,In stock.
Kapoor pets™ Paper Tough Toy for Cat Jumbo Size Scratching Board/Scratch Pad Cum Healthy Toy with Catnip for Cat/Kitten/Puppy,395.0,Kapoor pets,Cats,Toys,Only 2 left in stock.
InLeague Cat Kitten Toothbrush Catnip Molar Stick Teeth Cleaner Toy Bear (64033676IL),515.0,Generic,Cats,Toys,Usually dispatched in 6 to 10 days.
IVELECT 5PCS Manual Livestock Veterinary Pill Tablet Medicine Dispenser Pet Feeder,934.0,Visit the IVELECT Store,Small Animals,Health Supplies,Usually dispatched in 6 to 10 days.
DIY T-Design Feeding Area Acrylic Farm Insect Villa Pet Mania House Ant Nest Birthday Present Gift,5018.0,BRAWL ATHLETIX,Small Animals,Houses & Habitats,Usually dispatched in 2 to 3 weeks.
KHATI Natural Grass Woven Bird Nest Bird Breeding Hatch Cage Parrot Rest Place,1480.0,Generic,Birds,Birdcage Accessories,Usually dispatched in 1 to 3 weeks.
"Chain Links Toys, Durable Chain Links, Plastic 100 Pcs for Small Pet Rat Bird",,Jingyig,Birds,Toys,
VMS INDIA Plastic Scoop Shovel Feed Scoop for Pet Food Flour Black,1404.0,VMS INDIA,Cats,Litter & Housebreaking,Usually dispatched in 4 to 5 days.
Twiclo Pet Dog Deshedding Brush Combs Silicone Glove,425.0,Visit the Twiclo Store,Cats,Grooming,In stock.
"Easy to Clean Dishwasher Safe Pet Food Spoon, Pet Spoon, Acid and Alkali Resistant for Cat Pet",,Emarte,Cats,Food,
"Smiling Paws Pets Cat Litter Mat, BPA Free, XL Size 35"" x23.5"", Non-Slip - Tear & Scratch Proof, Easy to Clean Kitty Litter Catcher with Scatter Control (Extra Large Brown)",1949.0,Smiling Paws Pets,Cats,Litter & Housebreaking,
Maalavya Feed/Food Safflower Seeds (Kusum Dana) A Quality Feed for All Kind of Birds 750 Grams,251.0,Maalavya,Birds,Food,In stock.
"THOR Small Bird Toys, Wood Ladder Colorful and Wooden Hanging Chewable Budgies, Cockatiel, Finches, Kannur Birds - 2 Piece",315.0,Visit the THOR Store,Birds,Toys,In stock.
"Hagen Living World Assorted Toys, 3 Value Pack",2038.0,LIVING WORLD,Birds,Toys,Usually dispatched in 6 to 10 days.
Kaytee Critter Trail Simple Start Habitat for Small Animals,,Kaytee,Small Animals,Houses & Habitats,
Meri SHOPP Wooden Parrot Bird Stand Tree Branch Hanging Toys Cage Perches Pet 1 Hole,,Generic,Birds,Birdcage Accessories,
"Petslover Blanket for Dogs Cats, Warm Flannel Plush Pet Bed Blanket Reversible Red (XL)",999.0,Visit the Petslover Store,Cats,Beds & Furniture,In stock.
"Dog Claw Trimmers, Cat Nail Clippers Blades Durable for Cut Nails",1107.0,Sutinna,Cats,Grooming,Usually dispatched in 1 to 3 weeks.
Petlinks Mustache Mania Catnip Cat Toy,1558.0,Petlinks,Cats,Toys,Usually dispatched in 6 to 10 days.
Aswadh Water Bottle for Dog Cat Travel Water Drinking Dispenser Food Feeders Blue,3354.0,Generic,Birds,Feeding & Watering Supplies,Usually dispatched in 4 to 5 days.
"Stainless Steel Bite Resistant Standing Rack Bell, Bell Toy, Colorful Beads for Bird Home Graden",1383.0,Denkerm,Birds,Feeding & Watering Supplies,Usually dispatched in 1 to 3 weeks.
"Nestor Classic Stick for Rodents and Rabbits with Wild Rose and Currants ( Pack of 4 ,115 gm)",799.0,Visit the NESTOR Store,Small Animals,Food,Only 1 left in stock.
"Bird's mat, Practical Adjustable Natural mat for Many Sizes",1751.0,01 02 015,Birds,Birdcage Accessories,Usually dispatched in 6 to 10 days.
"Jusney Bird Rope Perches,Parrot Toys 33 inches Rope Bungee Bird Toy (33 inches)",,Jusney,Birds,Birdcage Accessories,
Aalmix Chelated Mineral Mixture for Cow| Buffalo| Sheep| Horse & Poultry| 5 Kg Powder Pet Health Supplements (5 kg),869.0,Generic,Small Animals,Food,In stock.
"Pigeons Leg, Wear‑Resistant and Durable Poultry Leg for Pigeons Parrots for Yard(10mm red with Word Ring)",778.0,Tand,Birds,Health Supplies,In stock.
"GlobalNiche® Pink, L: Paw Bone Printed Pet Cat Dog Floor Mats Beds Winter Breathable Fleece Cover Houses Carpet for Dogs Pet Animals Goods",7885.0,Generic,Cats,Beds & Furniture,Usually dispatched in 2 to 3 weeks.
EXCLUZO 10 Pieces Artificial Nest Spotted Speckled Hatching Egg Crafts White S,780.0,EXCLUZO,Birds,Birdcage Accessories,Usually dispatched in 1 to 3 weeks.
"JOYELF Cat Hammock Bed Pet Cage Hammock, Hanging Soft Pet Bed for Kitten Ferret Puppy Or Small Pet",1498.0,JOYELF,Cats,Beds & Furniture,
Western Era Playful Natural Wood Bead Swing Toy for Birds (Pack of 2),298.0,Visit the Western Era Store,Birds,Toys,Only 1 left in stock.
Aswadh Natural Wooden Bird Parrot Stand Perch Bird Cage Stand Bird Cage Accessory,3006.0,Generic,Birds,Toys,Usually dispatched in 4 to 5 days.
Aswadh Pet Warm Guinea Pig Bed House Animals Hamster Hammock Cage Pink Red 14x12cm,1071.0,Generic,Small Animals,Houses & Habitats,Usually dispatched in 4 to 5 days.
Meri SHOPP Cat Hammock Bed Modern Shelves Hanging Perches Wall Mounted 34.5x28.8x21cm,,Generic,Cats,Beds & Furniture,
"TNZ CREATIONS, Metal Bird House with Chain Hanging. Bird House for Garden or Balcony Decoration. Size. Height. 5.5 Inches, Length. 6.2 Inches. (Pack of 1 Piece) Colour. Yellow",797.0,TNZ CREATIONS,Birds,Birdcage Accessories,In stock.
"Fdit Rabbit, Guinea Pig, Small Pet, Totoro, Hamster Easy Clean Cage Health Mat to Prevent Pet Skin Disease (13.6x9.8x0.6 in, White)",3042.0,Fdit,Small Animals,Houses & Habitats,
"Pet Bird Bath Rod, Multifunction Parrots Standing Rod, 3Pcs Suction Cups Stable for Window Bathroom",1154.0,Socialme,Birds,Food,In stock.
"Non-Toxic Funny Toy, Swing Bridge, Hygienic Cozy for Play Small Birds Stand Small Parrots",1107.0,Topiky,Birds,Birdcage Accessories,Usually dispatched in 1 to 3 weeks.
MACOS Stainless Steel Laser Engraved Personalised Pet Tags for Dogs and Cats [Chrome],349.0,MACOS,Cats,"Collars, Harnesses & Leashes",Only 5 left in stock.
"Cat Harness and Leash, Adjustable Comfortable Cat Harness for Cat(Navy Blue Stripes, Medium (Suitable for 6-12 kg))",803.0,DIMU,Cats,"Collars, Harnesses & Leashes",In stock.
DIYthinker Colorful Soldier UK Landmark Flag Pet Tag Keychain Dog Cat ID,1614.51,Bestchong,Cats,"Collars, Harnesses & Leashes",In stock.
"Bamboo & Paper Bird Interactive Toy, Hanging Toy, Eco-Friendly for Cockatoo Parakeet",746.0,Luroze,Birds,Toys,Usually dispatched in 6 to 10 days.
Emily Pet Scoopable Cat Litter Scooper (Cat Litter Scooper),199.0,Visit the emily pets Store,Cats,Litter & Housebreaking,In stock.
Meri Shopp Bird Parrot Perch Swing Hanger Cage Parakeet Cockatiel Finch Lovebird Toy M,,Generic,Birds,Birdcage Accessories,
Aswadh Parrot Bird Foraging Feeder Food Hex Star Acrylic Cup Cage Toys for Treats,1197.0,Generic,Birds,Feeding & Watering Supplies,Usually dispatched in 4 to 5 days.
"Niteangel Small Pet Fun Tunnel, 39 x 4 inches - Fit Adult Ferrets and Rats (Pink)",799.0,Niteangel®,Small Animals,Houses & Habitats,
"Pets Empire Interactive Cat Toy, Windmill Cat Toys, Cat Wheel Treat Dispensing Slow Feeder Toy, Interactive Teasing Cat Toy with Bell 360° Rotating & Suction Cup, Cat Food Dispenser Toy for Cats",670.5,Visit the PETS EMPIRE Store,Cats,Toys,In stock.
Benelux Mineral Perch Medium,199.0,Benelux,Birds,Birdcage Accessories,
Buckle-Down Cat Collar Breakaway Thor Loki Poses Retro Comic Books Stacked 8 to 12 Inches 0.5 Inch Wide,7266.0,Buckle-Down,Cats,"Collars, Harnesses & Leashes",Usually dispatched in 6 to 10 days.
Canine India Natural Food for Cat - Pumpkin bark + Insects,332.0,CANINE INDIA,Cats,Food,In stock.
"Jainsons Pet Products® Bird Swing and Chew Toys Bird Toys Best for Love Bird, Parrot, Parakeet, Budgie, Cockatiel pet Birds. Combo Pack of 3 Toys",299.0,Visit the JAINSONS PET PRODUCTS Store,Birds,Toys,In stock.
"Beauty Tool Bird Water and Food Hanging Feeder Suitable for Cage Birds - Set of 2, 200ml",155.0,Generic,Birds,Food,In stock.
"Sandia Pet Products 3/8"" Regular Light Blue Ferret Collar with Bell - Adjustable 6 to 8 Inches",2244.0,Sandia Pet,Cats,"Collars, Harnesses & Leashes",Usually dispatched in 6 to 10 days.
VOUVOU Large Capacity Hay Storage Bag with Zip Portable Handles Portable Waterproof Horse Feeder Bag Livestock Hay Bags for Horses Goat 41 x 18 Inch,5490.0,VOUVOU,Cats,Feeding & Watering Supplies,Usually dispatched in 4 to 5 days.
DD Enterprises Cat Cardboard Scratcher Toy with Catnip | Scratcher Toy for Cats Made of Environmental Friendly Material Scratch Pad Cum Healthy Toy with Catnip for Cat (Color Yellow),299.0,DD Enterprises,Cats,Beds & Furniture,In stock.
"Cat Hair Bows, Pet Hair Bows, 30PCS Pet Hair Accessories, for Small Dog Pets",1150.0,Rongm,Cats,"Collars, Harnesses & Leashes",Usually dispatched in 1 to 3 weeks.
"Kitty City Cotton Rope Woven Cat Bed, Cat House- Colors May Vary",2324.0,Kitty City,Cats,Beds & Furniture,
Vacuyahu 3 in 1 Multipurpose - Cordless Handheld Pet Grooming Vacuum with Patent Dog/Cat Grooming Brush (Comb and Clean Pets’ Hair)- 99% Pet Hair Remover,,Vacu,Cats,Grooming,
Sadhubela® Set of 4 Maati Chidiyawas- Earthen Bird House,990.0,Visit the SADHUBELA Store,Birds,Birdcage Accessories,In stock.
"DOGBIT Pet Recovery E-Collar for Pet Dogs & Cats, Professional Adjustable Recovery Collar for Surgery, Wound Healing Protection Extra Large Neck 51-54cm",699.0,DOGBIT,Cats,"Collars, Harnesses & Leashes",In stock.
Ubersweet® Imported 3BD7 Pet Dog Cat Flashing Ball Creative Interactive Moving Funny,1587.0,ubersweet,Cats,Toys,Usually dispatched in 2 to 3 weeks.
"Cage/Playhouse for Dwarf Hamster/Gerbil/Mice with a Food Cup,Water Bottle,Exercise Wheel with Spacious one Slide cage and a House {12 x 8.5 x 8 Inches }- [ Colors May Vary]",1750.0,Visit the LOVELY PETS KINGDOM – YOUR PET OUR PASSION Store,Small Animals,Houses & Habitats,In stock.
Birds Cage Aviary For Lovebirds Budgerigar Finches Cockatiel & Doves,,Birds' Park,Birds,Birdcages,Currently unavailable.    We don't know when or if this item will be back in stock.
Neutroplus Gold A Super Formulation of Milk Growth for Cow & Buffalo Feed Supplements Anfotal Nutritions (1 Kg Jar),590.0,Visit the ANFOTAL NUTRITIONS Store,Small Animals,Health Supplies,In stock.
"PETIQUE ST01030103 Pet Stroller, Green Camo, One Size",23415.0,Petique,Cats,Carriers & Strollers,
DIYthinker Britain UK London Eye Outline United Kingdom Pet Tag Keychain Dog Cat ID,1614.51,Bestchong,Cats,"Collars, Harnesses & Leashes",In stock.
"PSK PET MART Cat Feather Ball Inside Bell Toy, Sisal Mouse Toy and Feather Mouse Cat Toys Combo for Kitten Cat Having Fun Exercise Playing",399.0,Visit the PSK PET MART Store,Cats,Toys,In stock.
InLeague Bird Toys Wood Bird Ladder Step Parrot Ladder Swing Training Bridge Colorful (64025172IL),1411.0,Generic,Birds,Birdcage Accessories,Usually dispatched in 6 to 10 days.
RvPaws Mouse Cat Toy for Cats and Kittens (Pack of 2),249.0,Visit the RvPaws Store,Cats,Toys,In stock.
Groviplex Liquid Nutrional Supplement for Poultry & Animal Feeding (500 ml),330.0,Generic,Small Animals,Food,In stock.
Aswadh Cat Litter Box Tray Anti Splash Toilet Coffee + Pet Mat Litter Pad & Shovel,3597.0,Generic,Cats,Litter & Housebreaking,Usually dispatched in 4 to 5 days.
"GlobalNiche® Green Bird Foot Ring, M: 50Pc 8Mm Without Number Birds Foot Ring Pigeon Rings Small Poultry Quail Pheasant Chicken Foot Rings Identi",,Generic,Birds,Toys,
"Freshly Baked Cookie, Real Chicken and Peanut Butter, 1kg 06",318.0,Generic,Small Animals,Food,In stock.
"Combo Pack of Nighttime Cuddle Toy, 18 cm with Tuna Jerky Strips, 105g",870.0,Petstages,Cats,Treats,Only 2 left in stock.
"Simulated Cat Tongue Brush, Practical Cat Comb Professional Durable Safe for Cat Daily Hair Caring(Green+Gold)",830.0,Topiky,Cats,Grooming,In stock.
Feedme Complete Aquarium Fish Food Pellet High Protein & Fiber for All Types of All Life Stages Aquarium Fish - 450g,395.0,Feedme,Small Animals,Food,In stock.
Hansi Parrot Wood Stand Activity Center Ladder w/Cup Natural Stand with 5cm Cups,4132.0,Generic,Birds,Toys,Currently unavailable.    We don't know when or if this item will be back in stock.
DNK Birds Cage Red (Metal),800.0,Generic,Birds,Birdcage Accessories,Only 1 left in stock.
"Cat and Dog Comb, Pet Dog Grooming Comb Durable to Use Walnut + Stainless Steel Material for Small Pets for Rabbits",,bizofft,Cats,Grooming,
JAINSONS PET PRODUCTS Sunflower and Safflower Mixed Seed Bird Food (500 gm),242.0,Visit the JAINSONS PET PRODUCTS Store,Birds,Food,In stock.
Meri Shop Cat Wagging Fish Realistic Plush Toy Simulation Catnip Gift Style_B,,Generic,Cats,Toys,
"Ovida Cat Adjustable Hood Kitten Breathable Anti Bite Muzzles Prevent from Cats Biting and Chewing, Safety Prevent for Small Pets Grooming",139.0,Ovida,Cats,"Collars, Harnesses & Leashes",
"PONDICHERRY PIGEONS® - Bird Toys & Swings for Love Birds, Parrot, Parakeet, Budgie, Cocktail pet Birds. 4 Bird Swing in Multicolor with SS Hook",225.0,Pondicherry Pigeons,Birds,Birdcage Accessories,In stock.
InLeague Comfortabe Dog Collar Pet Protective E-Collar for Dogs and Cats S (64016138IL),794.0,Generic,Cats,"Collars, Harnesses & Leashes",Usually dispatched in 6 to 10 days.
KSK Wooden Chewing Toy for Bird (Large),399.0,Visit the KSK Store,Birds,Toys,Only 2 left in stock.
Promote Trader 10pcs Rattan Balls Bird Toy Part DIY Accessory for Parrot Budgie Parakeet Cockatiel Conure Lovebird Finch Macaw Cockatoo Random Color (5cm),389.0,Promote,Birds,Toys,In stock.
"Small Pet Hammock, Fine Workmanship Soft Material Small Pet Hanging Warm Habitat Simple Installation for Small Pets",,01 02 015,Small Animals,Houses & Habitats,
"Toy, Plastic Bird Playing Toy Chewing Toy for Big Breasted for African Grey for Alexander",1066.0,Shanrya,Birds,Toys,Usually dispatched in 6 to 10 days.
"Cat Nail Clippers, Pet Nail Trimmers Universal for Cats and Dogs Durable for Cut Nails",820.0,Fabater,Cats,Grooming,Usually dispatched in 6 to 10 days.
Aswadh 2 in 1 Dog Water Bottle Cat Water Dispenser Food Bowl Feeder Pink 550ml,2032.0,Generic,Birds,Feeding & Watering Supplies,Usually dispatched in 4 to 5 days.
"Bird Climbing Toy, Firm Bird Hammock Toy, Safe for Entertainment Rest",,DIMU,Birds,Toys,
"VESPER Cottage Cat Tree Hideout, Oak, 52112",28638.0,VESPER,Cats,Beds & Furniture,Usually dispatched in 6 to 10 days.
"Dog Cage for New Born, for Adult Dog, Cat Monkey, Rabbit Dog, Bird, Cat, Hamster, Miniature Pig, Monkey, Rabbit, Mouse Cage XL-022",8988.0,Generic,Small Animals,Houses & Habitats,In stock.
Pet Care International Cal Max Super (250 Gms),580.0,Pet Care International,Birds,Health Supplies,Only 2 left in stock.
Maxbell Bird Feeding Cups Cage Hanging Stainless Steel Bowl with Clamp for Parrots S,1272.0,Maxbell,Birds,Feeding & Watering Supplies,Usually dispatched in 4 to 5 days.
"Parrot Stand Perch, Pet Bird Standing Playground Funny Wooden Activity Training Toy for Macaw African Greys Budgies Parakeet Cockatiel Cockatoo Lovebird",499.0,HEEPDD,Birds,Birdcage Accessories,In stock.
"Cage Swing, Bird Chewing Toy, Parrots Hanging Swing, 2Pcs Parrots Swing, for Parrots Birds",,Zhatendmo,Birds,Toys,
Aditya Industries Kapas Papdi for Cows and Buffaloes 2kg-Cotton Seed Cake,449.0,Generic,Small Animals,Food,In stock.
"Guinea Pig Feeder, Long Lasting 600D Oxford Cloth, Practical Rabbit Bag, Adjustable Height with Hedgehog Hooks for Black",,01 02 015,Small Animals,Houses & Habitats,
"Livestock Milk Feed Bucket, with Lifting Handle Lamb Milk Feed Bucket, Long Service Life with Scale Assembling Type Nipple Design for Cow Pasture Farm Goat(Three-mouthed)",5652.0,Sutinna,Small Animals,Health Supplies,Usually dispatched in 6 to 10 days.
Trendy Retail Trendy Retail Bird Nappy Parrot Diaper Parrot Napkin Pet Bird Parrot Clothes Fish XL,2300.0,Trendy Retail,Birds,Birdcage Accessories,Usually dispatched in 1 to 3 weeks.
Sparrow Daughter Genuine Leather Handmade Bird Feeder for Outdoor Indoor Balcony Garden Hanging | Sparrow Hummingbird | KingfisherBirds Nest and All Small Birds (Green),329.0,Visit the sparrow daughter Store,Birds,Birdcage Accessories,In stock.
"Reliable Strong Hamster Sofa, Stable Convenient Hammock Hanging Bed, for Hamster Guinea Pig(Yellow)",414.0,Hoseten,Small Animals,Houses & Habitats,In stock.
Emily Pets Cat Hammock Window Perch Seat Hanging Bed with Suction Cups Pet Kitten Durable,1599.0,Visit the emily pets Store,Cats,Beds & Furniture,In stock.
"Cat Collar, Adjustable Crystal Sparkle Rhinestone Cat Collar with Bowknot for Cats Kitten(Powder, XL)",1230.0,HUI,Cats,"Collars, Harnesses & Leashes",Usually dispatched in 6 to 10 days.
"Feeding Mat for Dogs, Anti‑Slip Design Pet Foraging Mat Skin‑Friendly Machine Washable Dog Foraging Mat with Bright Colors for Pet for Training",2424.0,Fabater,Cats,Beds & Furniture,Usually dispatched in 6 to 10 days.
"kapoor pets™ 15 INCH CAGE The Durable Metal cage uses, eco-Friendliness to Man and Bird.Easy Cleaning.Removable Bottom trayTwo Plastic perches/Food/Water Bowls, Hard Crate Pet Crate",875.0,Kapoor pets,Birds,Birdcages,Only 1 left in stock.
"Cat Feather Tease Toys, Funny Cat Stick Cat Wand Toy Flexible Lightweight Easy to Store Durable with Feather and Bell for Pet Interaction",523.0,Tand,Cats,Toys,Usually dispatched in 6 to 10 days.
Meri SHOPP Portable Cat Litter Scooper Corrosion Resistant Shovel Sifter for Clean Home White,,Generic,Cats,Litter & Housebreaking,
RYPET Winter Warm Bird Nest House - Hanging Hammock Velvet Shed Hut Cage Plush Fluffy Birds Hideaway Sleeping Bed Fuzzy for Parrot Parakeet Cockatiels Budgies Lovebird Medium,498.0,RYPET,Birds,Birdcage Accessories,
"Poultry Water Cups, Multi Purpose Drop Resistant Detachable Leakproof Plastic Automatic Chicken Drinkers for Geese for Quail for Turkeys Red",1513.0,FASJ,Birds,Feeding & Watering Supplies,Usually dispatched in 1 to 3 weeks.
"BESSIE AND BARNIE Signature Aspen Snow Leopard/ Blondie Luxury Shag Extra Plush Faux Fur Bagel Pet/Dog Bed (Multiple Sizes), S- 30""",26262.0,BESSIE AND BARNIE,Cats,Beds & Furniture,Usually dispatched in 6 to 10 days.
"Birds Toy, Chewing Toy, 6.3inch Pet Bird Toys Cage Swing Toy for Bird Home Outdoor",575.0,Shanrya,Birds,Toys,Usually dispatched in 1 to 3 weeks.
"VESPER Cabana Cat Tree with Cat Hideout and Cat Hammock, 52114, White",,VESPER,Cats,Beds & Furniture,
OurPets Play-N-Treat Twin Pack Cat Toy,,OURPET' S,Cats,Toys,
"Trixie| Cat Treat & Collar |Temptation Flavors Available with Multi-Packs (Salmon Rings, Snapper Jerky Strips & Tuna Jerky and Collar, Elastic, Nylon with Bell)",240.0,Visit the TRIXIE Store,Cats,Treats,In stock.
"Meri Shopp Guinea Pig House, Hamster Hedgehog Winter Nest, Small Animals Warm Gray L",,Generic,Small Animals,Houses & Habitats,
GlobalNiche® 20Pcs: 10/20Pcs Heat Resisting Long Service Life Blue Pigeon Dove Birds Rest Stand Frame Dwelling Perch,240.0,Generic,Birds,Birdcage Accessories,
MACOS Engraved Personalised Circle Pet Tag for Dogs and Cats [Purple],399.0,MACOS,Cats,"Collars, Harnesses & Leashes",Only 5 left in stock.
"ScratchMe Cat Scratcher Post & Board, Round Cat Scratching Lounge Bed, Durable Pad prevents Furniture Damage, 17.32' x 17.32'x 6.11'",280.0,ScratchMe,Cats,Beds & Furniture,
MACOS Engraved Personalised Circle Pet Tag for Dogs and Cats [Gold],399.0,MACOS,Cats,"Collars, Harnesses & Leashes",Only 5 left in stock.
KOZI PET Premium Warm and Very Soft Fleece Blanket Red for Dog & Cat (Export Quality)-Medium,995.0,Visit the KOZI PET Store,Cats,Beds & Furniture,In stock.
"Pigeons Egg Nests, Professional Pigeons Cage Accessory Durable Plastic Exquisite for Hatching Tool for Breeding Equipment",1897.0,Hoseten,Birds,Birdcage Accessories,In stock.
"Exercise Good Mute Effect Hamster Wheel, Hamster Running Wheel, Washable for Hedgehogs for Rats",868.0,Hoseten,Small Animals,Houses & Habitats,In stock.
GlobalNiche® Pet Cat Dog Back Car Seat Cover Bench Protector Mat Blanket for Kids Waterproof,,Generic,Cats,Beds & Furniture,
"Super Cluck Co. Clucky Balboa Superhero Chicken Arms to Put on Chickens, Amazing Costumes for Chickens, Meme Muscles Arms, Make Your Chicken Go Viral, Funny Gag Gift (Small (Under 9in))",,Super Cluck Co.,Birds,Toys,
"GlobalNiche® for 20Mm Pipe, M: 10Pcs Rabbit Chicken Poultry Water Drinker Nipple Lengthened Feeder Drinker for 20Mm PVC Pipe Pet Drinking Tool",4905.0,Generic,Birds,Feeding & Watering Supplies,Usually dispatched in 2 to 3 weeks.
"Lafebers Daily Diet Pellets for Cockatiels, 5-Pound Bucket",135.0,Lafeber,Birds,Food,
"PETSMAKER (Pink,Cream) All Seanson Double Side Use Lovely (XXL Size) Fabric Dog & cat Solid t Bed",2099.0,PETSMAKER,Small Animals,Houses & Habitats,Only 2 left in stock.
"Sage Square Natural Wood Platform of Sand for Healthy Nail & Teeth Trimming of Hamster, Sugar Glider, Hedgehog, Gerbil, Rat, Mice (9 Inches)",485.0,Visit the Sage Square Store,Small Animals,Houses & Habitats,Only 1 left in stock.
Aswadh Guinea Pig Accessories Hamster House Toy Soft Plush Sleeping Bed Mice Pink,1755.0,Generic,Small Animals,Houses & Habitats,Usually dispatched in 4 to 5 days.
Drunkers Wooden Platform and Ladder Set for Chinchilla Hamster Climbing red,1572.0,Ecomspace,Small Animals,Houses & Habitats,Usually dispatched in 6 to 10 days.
Skybeings Hanging Medium Bird Feeder | Bird Cage | Bird Food | Bird Feeding Cage with Wall Mount Black Metal Stand 1 Piece_Blue,437.0,Skybeings,Birds,Feeding & Watering Supplies,In stock.
Pets Empire Cat Tray Cat Litter Tray Rabbit Litter Tray Large Cat Litter Trays Cat Litter Tray Large Cat Litter Tray with Lid Hooded Cat Litter Tray Covered Litter Tray (Pink),749.0,Visit the PETS EMPIRE Store,Cats,Litter & Housebreaking,In stock.
Dog Trust Plastic Tower of Tracks Cat Turntable Toy with Balls Pet Amusement Interactive Board Game Toys (Colour May Vary),399.0,Dog Trust,Cats,Toys,In stock.
Meri Shopp Small Animals Hamster Mice Mouse House Nest Cute Toy Pet Supplies Green,,Generic,Small Animals,Houses & Habitats,
"Dr. Harvey's Incredible Blend Natural Food for Canaries, 4-Pound Bag",,Dr. Harvey's,Birds,Food,
"Double‑Layer Warm Hammock, Plush Cage Accessories Ferret Hammock Warm for Hamster for Chinchilla(S, Flamingo)",,POMK,Small Animals,Houses & Habitats,
"Cat Litter Box, 14.5x10.2x5.1in Cat Litter Tray, 10Pcs for All Kinds of Cat Litter Cat Keeping",968.0,CURLIN,Cats,Litter & Housebreaking,Usually dispatched in 6 to 10 days.
Aswadh Plastic Parrot Stand Stick Perch Bird Cage Accessories Parrot Bath Shower,2277.0,Generic,Birds,Birdcage Accessories,Usually dispatched in 4 to 5 days.
Baby Healthcare and Grooming Kit 6 PCS Hair Brush Comb Nail File Clipper Scissors Newborn Infant Shower Care Nursery Set pekdi,899.0,pekdi,Cats,Feeding & Watering Supplies,In stock.
"Pet Life Anti Ticks Birds Bath Shampoo 200 Ml + Birds Feather Conditioner 200 Ml-Waterless/Spray For Poultry Birds, Parrots, Sparrows, Pigeon –Cleaner/Shinier Coat & Soft/Silky Feathers- All Bird Type",629.0,Visit the Petlife Store,Birds,Health Supplies,In stock.
VETAFARM NUTRIBLEND Breeder 2 KG,360.0,Vetafarm,Birds,Food,
MACOS Engraved Personalised Circle Pet Tag for Dogs and Cats [Green],399.0,MACOS,Cats,"Collars, Harnesses & Leashes",In stock.
Meri SHOPP Cat Feather Teaser Wand Toy Pet Chaser Supply Retractable 75cm Random Color,1051.0,Generic,Cats,Toys,Usually dispatched in 6 to 10 days.
"Bird Playstand, Parrots Perch Stand Compact Chewing Stable with Base for Cockatiel for Parakeet",,bizofft,Birds,Toys,
PlayBuys Wooden Bird Nest House Comfortable Bedding Birdhouse with Grasses for Parrot Hamster Small Pets Animals Cage Home Hanging Decor,,Generic,Birds,Birdcage Accessories,
Parrot Wood Stand Activity Center Ladder w/Cup Natural Stand with 7.5cm Cups,,Generic,Birds,Toys,
"Josopa Bird Toys, Parrot Hemp Rope Climbing Net, Bird Hanging Swing Toy, for Small Birds Parakeet Parrot Cage Perch Stand",,Josopa,Birds,Toys,
Interactive Cat Toys Ball with Colorful Light & Bird Sound - USB Charging Automatic Irregular 360 Degree Self Rotating Ball - 5 Replacement Feathers Robotic Cat Toy for Indoor Cats Kitten (Green),999.0,PartyKindom,Cats,Toys,
GIANTE Hamster Mouse Hideout House Wooden Living Hut Exercise Funny Nest Toy Green,1639.0,Generic,Small Animals,Houses & Habitats,Usually dispatched in 4 to 5 days.
GlobalNiche® t Dog Comb Brush Glove For Dogs Grooming Massage Supply Cleaning Five Fingers Glove for Cats Removing Hair Form Domestic,855.0,Generic,Cats,Grooming,Usually dispatched in 2 to 3 weeks.
Meri Shopp Parrots Stand Climbing Net Hanging Accessory Hammock Without Bells,,Generic,Birds,Toys,
"Sage Square Natural Habitat Wooden Sand Perch/Stand/Toy for Birds (Light Weight) (Size - 12"")",149.0,Visit the Sage Square Store,Birds,Birdcage Accessories,In stock.
Hanging Novelty Wooden Small Bird House Feeding Station Nest Nesting Box,2162.0,Generic,Birds,Birdcage Accessories,Usually dispatched in 4 to 5 days.
GlobalNiche® Cat Teaser Toy Cat Chaser Toy Interactive Play Toy for Cat Kitten 49x169cm,935.0,Generic,Cats,Toys,Usually dispatched in 2 to 3 weeks.
Aswadh Pet Dog Cooling Mat to Help Your Pet Stay Cool in Summer for Home Travel S,3514.0,Generic,Cats,Beds & Furniture,Usually dispatched in 4 to 5 days.
PetAmi Waterproof Dog Blanket for Bed Couch Sofa | Warm Sherpa Pet Throw Blanket | Super Soft Microfiber Fleece | Reversible Design for Puppy and Large Pet Dog | 60 x 80 Inches (Taupe/Taupe Sherpa),10007.0,PetAmi,Cats,Beds & Furniture,
Dog Combs with Rounded Ends Stainless Steel Teeth Grooming Tool for Long and Short Haired Dog Cat Pets,944.0,Homgeel,Cats,Grooming,Only 1 left in stock.
VMS INDIAPink Pet Lace Scarf Accessories Adjustable Collar Wedding Neckerchief S,886.0,VMS INDIA,Cats,"Collars, Harnesses & Leashes",Usually dispatched in 4 to 5 days.
Aswadh Interactive Teaser Toy for Cats with 6 Refills Fun Toy for Kitten Exercise,1413.0,Generic,Cats,Toys,Usually dispatched in 4 to 5 days.
DIYthinker White Music Dotted Mim Black Pet Tag Keychain Dog Cat ID,1614.51,Bestchong,Cats,"Collars, Harnesses & Leashes",In stock.
"YML A1114MBLU House Top Style Small Parakeet Cage, 11"" x 9"" x 16""",,YML,Birds,Birdcages,
"Interactive Cat Toy, Interactive Cat Toy Ball Automatic Funny Cat Ball Toy Batteries Operated Electric Funny Cat Toy Ball for Indoor Cats",1721.0,FILR,Cats,Toys,Usually dispatched in 1 to 3 weeks.
Birds Climbing Net Birds Chew Toys Hemp Rope Ladder Toy Parrot Hammock Toy,1567.27,Layfuz,Birds,Toys,Only 1 left in stock.
Sage Square 13 Inches / 33 cm Natural Wood Training Cum Exercise 2 Stairs Playful Perch Bird Top Sand Stand / Bird Toy,598.0,Visit the Sage Square Store,Birds,Toys,Only 2 left in stock.
